episode,reward,steps,success,wall_collisions,penalty_entries,epsilon
0,-861.0,382,False,40,16,0.5
1,-939.0,382,False,51,15,0.4985286053704413
2,-760.0,310,True,91,14,0.49706172116204067
3,-899.0,382,False,47,14,0.4955993335485285
4,-1118.0,382,False,76,16,0.494141428746018
5,-1004.0,382,False,54,23,0.4926879930128759
6,-1123.0,382,False,83,20,0.49123901264959247
7,-897.0,382,False,48,14,0.48979447399865256
8,-1035.0,382,False,49,28,0.4883543634444068
9,-943.0,382,False,60,9,0.48691866741294326
10,-1101.0,382,False,64,25,0.4854873723719597
11,-207.0,220,True,35,7,0.4840604648306357
12,-961.0,382,False,59,14,0.48263793133950583
13,-267.0,209,True,42,10,0.4812197584903327
14,-979.0,382,False,61,13,0.4798059329159805
15,-816.0,382,False,54,10,0.4783964412902893
16,-928.0,382,False,47,18,0.4769912703279489
17,-805.0,382,False,46,5,0.4755904067843744
18,-148.0,144,True,45,1,0.4741938374555807
19,-635.0,325,True,70,18,0.4728015491780581
20,-53.0,140,True,21,9,0.47141352882864884
21,-1010.0,382,False,82,10,0.4700297633244225
22,-926.0,382,False,38,26,0.4686502396225535
23,-789.0,382,False,33,16,0.46727494472019754
24,-1020.0,382,False,63,14,0.4659038656543695
25,-901.0,382,False,48,20,0.4645369895018209
26,-916.0,382,False,54,19,0.4631743033789184
27,-397.0,241,True,58,8,0.46181579444152226
28,-817.0,382,False,52,12,0.460461449884865
29,-860.0,348,True,107,10,0.4591112569434312
30,-584.0,285,True,72,13,0.45776520289083666
31,-833.0,382,False,39,11,0.4564232750397091
32,-895.0,382,False,42,16,0.4550854607415677
33,-1193.0,382,False,106,9,0.4537517473867047
34,-25.0,130,True,27,2,0.45242212240406615
35,-823.0,382,False,35,16,0.4510965732611334
36,-1005.0,382,False,64,21,0.44977508746380507
37,-865.0,382,False,41,16,0.4484576525562793
38,-989.0,382,False,49,24,0.4471442561209363
39,-803.0,382,False,40,10,0.4458348857782212
40,-1005.0,382,False,73,14,0.4445295291865278
41,-862.0,382,False,47,9,0.4432281740420817
42,-295.0,282,True,33,14,0.4419308080788245
43,-526.0,308,True,59,14,0.44063741906829834
44,-314.0,234,True,41,13,0.4393479948195306
45,-928.0,382,False,46,26,0.43806252317891875
46,-810.0,382,False,36,13,0.43678099203011617
47,-1194.0,382,False,94,20,0.4355033892939177
48,-825.0,382,False,37,23,0.4342297029281458
49,-835.0,382,False,57,7,0.43295992092753705
50,-914.0,382,False,51,15,0.43169403132362916
51,-371.0,246,True,53,8,0.430432022184648
52,-896.0,382,False,47,14,0.42917388161539505
53,-895.0,382,False,54,8,0.4279195977571355
54,-850.0,382,False,47,9,0.4266691587874863
55,-791.0,382,False,45,12,0.4254225529203049
56,-917.0,382,False,71,6,0.424179768405578
57,-964.0,382,False,63,11,0.4229407935293108
58,-855.0,382,False,39,15,0.42170561661341666
59,-778.0,382,False,51,6,0.42047422601560724
60,-517.0,310,True,65,9,0.41924661012928205
61,-319.0,259,True,44,9,0.4180227573834201
62,-1151.0,382,False,77,18,0.41680265624246987
63,-976.0,382,False,59,13,0.4155862952062411
64,-1018.0,382,False,66,20,0.4143736628097963
65,-1018.0,382,False,64,17,0.4131647476233427
66,-762.0,382,False,33,11,0.4119595382521244
67,-167.0,165,True,32,10,0.410758023336315
68,-557.0,319,True,64,13,0.4095601915509108
69,28.0,121,True,20,2,0.4083660316056235
70,-951.0,382,False,58,13,0.40717553224477443
71,-867.0,382,False,44,14,0.40598868224718804
72,-1065.0,382,False,65,22,0.404805470426086
73,-968.0,382,False,73,12,0.40362588562898233
74,-969.0,382,False,80,8,0.40244991673757774
75,-161.0,212,True,27,10,0.40127755266765514
76,-974.0,382,False,48,28,0.40010878236897496
77,-442.0,298,True,61,4,0.39894359482517117
78,-909.0,382,False,46,18,0.39778197905364737
79,-578.0,351,True,68,10,0.39662392410547315
80,-923.0,382,False,52,14,0.39546941906528127
81,-884.0,382,False,45,15,0.3943184530511642
82,-780.0,382,False,36,10,0.3931710152145721
83,-961.0,382,False,58,14,0.3920270947402102
84,-851.0,382,False,45,11,0.39088668084593714
85,-915.0,382,False,62,5,0.389749762782663
86,-67.0,166,True,27,3,0.38861632983424843
87,-962.0,382,False,60,12,0.38748637131740304
88,-1024.0,382,False,60,20,0.3863598765815855
89,-930.0,382,False,57,9,0.3852368350089022
90,-788.0,382,False,43,12,0.3841172360140082
91,-926.0,382,False,54,15,0.3830010690440066
92,-719.0,382,False,28,9,0.38188832357834945
93,-776.0,382,False,33,19,0.38077898912873864
94,-442.0,279,True,54,14,0.3796730552390269
95,-1129.0,382,False,92,12,0.37857051148511917
96,-848.0,382,False,50,8,0.37747134747487476
97,-791.0,382,False,40,8,0.37637555284800883
98,-782.0,382,False,37,9,0.3752831172759951
99,-270.0,232,True,49,2,0.3741940304619685
100,-933.0,382,False,60,5,0.37310828214062786
101,-956.0,382,False,52,18,0.3720258620781394
102,-912.0,382,False,48,15,0.3709467600720404
103,-755.0,312,True,99,9,0.36987096595114244
104,-206.0,209,True,42,3,0.3687984695754361
105,-979.0,382,False,55,19,0.3677292608359953
106,-723.0,382,False,31,10,0.3666633296548817
107,-1022.0,382,False,73,18,0.36560066598505014
108,-1001.0,382,False,78,10,0.36454125981025365
109,-930.0,382,False,49,19,0.3634851011449491
110,-873.0,382,False,47,11,0.36243218003420297
111,-938.0,382,False,61,17,0.36138248655359795
112,-917.0,382,False,56,12,0.36033601080913885
113,-779.0,382,False,45,3,0.3592927429371596
114,-1013.0,382,False,70,17,0.35825267310423053
115,-771.0,382,False,40,7,0.35721579150706506
116,-794.0,382,False,50,8,0.35618208837242776
117,-676.0,382,False,33,7,0.3551515539570423
118,-255.0,215,True,48,3,0.3541241785474992
119,-776.0,382,False,44,13,0.35309995246016485
120,-965.0,382,False,68,12,0.3520788660410895
121,-614.0,319,True,80,7,0.351060909665917
122,-373.0,342,True,35,14,0.3500460737397936
123,-755.0,382,False,24,17,0.34903434869727756
124,-958.0,382,False,65,6,0.3480257250022494
125,-938.0,382,False,63,17,0.3470201931478214
126,-49.0,171,True,22,5,0.3460177436562486
127,-857.0,382,False,40,17,0.3450183670788389
128,-887.0,382,False,43,19,0.34402205399586444
129,-821.0,382,False,54,12,0.34302879501647254
130,-979.0,382,False,68,8,0.3420385807785974
131,-223.0,205,True,40,7,0.3410514019488717
132,-764.0,382,False,40,15,0.3400672492225386
133,-672.0,382,False,27,11,0.3390861133233643
134,-724.0,382,False,44,6,0.3381079850035502
135,-1066.0,382,False,80,18,0.3371328550436461
136,-1007.0,382,False,74,15,0.3361607142524631
137,-679.0,382,False,40,4,0.33519155346698704
138,-882.0,382,False,42,16,0.33422536355229204
139,-51.0,158,True,23,5,0.33326213540145455
140,-813.0,382,False,53,10,0.33230185993546746
141,-726.0,382,False,28,12,0.33134452810315446
142,-848.0,382,False,54,11,0.3303901308810847
143,-774.0,382,False,35,20,0.3294386592734879
144,-266.0,239,True,44,5,0.32849010431216946
145,-731.0,382,False,46,5,0.3275444570564259
146,-584.0,284,True,77,9,0.32660170859296045
147,-751.0,382,False,34,8,0.3256618500357996
148,-902.0,382,False,52,19,0.3247248725262087
149,-531.0,319,True,50,24,0.3237907672326086
150,-779.0,382,False,39,19,0.3228595253504928
151,-328.0,347,True,30,13,0.32193113810234397
152,-623.0,382,False,28,10,0.3210055967375516
153,-868.0,382,False,48,11,0.32008289253232924
154,0.0,117,True,16,10,0.31916301678963227
155,-778.0,382,False,40,9,0.31824596083907636
156,-1169.0,382,False,103,10,0.3173317160368551
157,-343.0,209,True,56,7,0.31642027376565907
158,-653.0,382,False,35,5,0.3155116254345942
159,-950.0,382,False,57,13,0.3146057624791012
160,-801.0,382,False,46,14,0.31370267636087457
161,-796.0,382,False,38,9,0.31280235856778205
162,-357.0,265,True,54,5,0.3119048006137846
163,-717.0,382,False,45,4,0.31100999403885643
164,-296.0,157,True,50,12,0.310117930408905
165,-355.0,194,True,59,7,0.30922860131569174
166,-922.0,382,False,56,21,0.3083419983767528
167,-733.0,382,False,40,12,0.3074581132353199
168,-753.0,382,False,42,12,0.3065769375602417
169,-331.0,267,True,36,16,0.3056984630459052
170,-708.0,382,False,33,12,0.30482268141215746
171,-151.0,158,True,37,6,0.30394958440422754
172,-820.0,382,False,30,21,0.30307916379264876
173,-815.0,382,False,47,16,0.3022114113731811
174,-955.0,382,False,74,11,0.3013463189667338
175,-772.0,382,False,33,18,0.3004838784192885
176,-747.0,382,False,38,6,0.2996240816018219
177,-768.0,382,False,39,12,0.29876692041022984
178,-752.0,382,False,46,6,0.29791238676525017
179,-250.0,196,True,47,4,0.2970604726123872
180,-419.0,354,True,45,10,0.2962111699218353
181,-807.0,382,False,63,1,0.2953644706884039
182,-853.0,382,False,40,16,0.29452036693144096
183,-257.0,222,True,45,4,0.2936788506947588
184,-189.0,262,True,31,7,0.2928399140465587
185,-864.0,382,False,47,10,0.29200354907935583
186,-514.0,325,True,52,21,0.29116974790990524
187,-968.0,382,False,64,17,0.29033850267912725
188,-69.0,137,True,22,11,0.2895098055520335
189,-368.0,333,True,46,7,0.2886836487176529
190,-778.0,382,False,48,11,0.2878600243889583
191,-351.0,329,True,42,9,0.28703892480279297
192,-902.0,382,False,39,22,0.28622034221979714
193,-282.0,294,True,27,16,0.28540426892433574
194,-852.0,382,False,40,17,0.28459069722442487
195,-346.0,345,True,40,7,0.2837796194516598
196,-233.0,288,True,33,6,0.2829710279611427
197,-365.0,340,True,41,8,0.2821649151314103
198,-139.0,274,True,21,7,0.28136127336436223
199,-467.0,347,True,44,16,0.28056009508518936
200,-873.0,382,False,32,26,0.27976137274230256
201,-951.0,382,False,71,10,0.27896509880726134
202,-298.0,308,True,35,9,0.27817126577470264
203,-436.0,355,True,50,9,0.27737986616227084
204,-377.0,355,True,34,16,0.2765908925105464
205,-513.0,355,True,60,10,0.2758043373829762
206,-143.0,264,True,19,8,0.275020193365803
207,-345.0,308,True,35,16,0.27423845306799577
208,-757.0,382,False,52,4,0.27345910912118004
209,-831.0,382,False,34,18,0.27268215417956826
210,-862.0,382,False,45,23,0.27190758091989087
211,-279.0,333,True,30,8,0.27113538204132703
212,-775.0,382,False,43,12,0.2703655502654358
213,-817.0,382,False,46,14,0.2695980783360877
214,-317.0,286,True,43,7,0.26883295901939624
215,-798.0,382,False,50,12,0.26807018510364966
216,-287.0,238,True,43,8,0.2673097493992431
217,-937.0,382,False,53,17,0.2665516447386107
218,61.0,98,True,13,7,0.26579586397615806
219,-702.0,382,False,26,10,0.265042399988195
220,-182.0,130,True,47,4,0.2642912456728683
221,-697.0,382,False,31,14,0.2635423939500949
222,-914.0,382,False,54,21,0.2627958377614948
223,-182.0,139,True,48,3,0.262051570070325
224,-370.0,354,True,41,8,0.26130958386141306
225,-368.0,353,True,38,11,0.26056987214109073
226,-715.0,382,False,38,10,0.25983242793712813
227,-689.0,382,False,31,15,0.2590972442986683
228,80.0,101,True,16,3,0.2583643142961613
229,-1018.0,382,False,85,8,0.2576336310212992
230,-745.0,382,False,50,4,0.2569051875869507
231,-764.0,382,False,35,15,0.2561789771270964
232,-463.0,379,True,44,15,0.2554549927967642
233,-335.0,337,True,30,15,0.2547332277719643
234,-171.0,142,True,41,6,0.2540136752496255
235,-706.0,382,False,29,10,0.2532963284475304
236,-709.0,382,False,38,11,0.25258118060425244
237,-508.0,349,True,54,14,0.2518682249790909
238,-37.0,232,True,13,6,0.2511574548520085
239,-57.0,244,True,13,6,0.25044886352356743
240,-13.0,95,True,22,8,0.2497424443148664
241,-276.0,299,True,32,10,0.2490381905674777
242,-32.0,127,True,26,5,0.24833609564338427
243,-372.0,350,True,39,10,0.24763615292491745
244,-139.0,224,True,29,5,0.24693835581469423
245,-353.0,277,True,46,12,0.24624269773555543
246,-110.0,279,True,18,5,0.2455491721305034
247,-727.0,382,False,30,18,0.2448577724626404
248,-737.0,382,False,36,17,0.24416849221510695
249,-750.0,382,False,39,15,0.24348132489102028
250,-705.0,382,False,33,16,0.2427962640134134
251,-148.0,262,True,23,7,0.24211330312517365
252,-888.0,382,False,65,8,0.2414324357889821
253,-382.0,308,True,43,12,0.24075365558725292
254,-815.0,382,False,49,15,0.24007695612207264
255,-257.0,285,True,28,13,0.23940233101514002
256,-408.0,363,True,36,16,0.23872977390770597
257,-336.0,339,True,36,11,0.23805927846051347
258,-710.0,382,False,28,9,0.23739083835373795
259,-477.0,349,True,52,13,0.23672444728692763
260,-174.0,294,True,15,14,0.23606009897894417
261,-369.0,355,True,40,10,0.23539778716790344
262,-782.0,382,False,55,4,0.23473750561111661
263,-679.0,382,False,33,10,0.2340792480850311
264,-123.0,259,True,14,11,0.23342300838517216
265,-379.0,353,True,44,6,0.23276878032608425
266,-893.0,382,False,46,15,0.23211655774127266
267,-93.0,230,True,19,7,0.2314663344831456
268,-245.0,277,True,32,9,0.23081810442295608
269,-372.0,348,True,37,12,0.23017186145074423
270,-192.0,265,True,30,5,0.22952759947527965
271,-253.0,294,True,31,9,0.22888531242400412
272,-359.0,333,True,46,5,0.22824499424297418
273,-182.0,234,True,29,10,0.2276066388968042
274,-410.0,362,True,39,13,0.2269702403686094
275,-611.0,382,False,29,6,0.2263357926599493
276,-846.0,382,False,46,16,0.22570328979077098
277,-366.0,347,True,42,7,0.22507272579935286
278,-431.0,355,True,58,2,0.22444409474224838
279,150.0,69,True,8,4,0.2238173906942302
280,-651.0,382,False,23,8,0.22319260774823402
281,-412.0,354,True,49,7,0.22256974001530322
282,-215.0,285,True,24,10,0.22194878162453316
283,-233.0,335,True,22,10,0.22132972672301593
284,-202.0,273,True,26,10,0.22071256947578516
285,-314.0,191,True,54,7,0.22009730406576097
286,-168.0,251,True,26,7,0.2194839246936953
287,-363.0,247,True,42,17,0.21887242557811695
288,-261.0,297,True,38,4,0.21826280095527748
289,-127.0,142,True,39,3,0.2176550450790965
290,-878.0,382,False,56,18,0.2170491522211078
291,-328.0,349,True,38,8,0.21644511667040522
292,-275.0,317,True,38,3,0.21584293273358882
293,-155.0,294,True,23,4,0.21524259473471127
294,-266.0,276,True,39,6,0.21464409701522424
295,-730.0,382,False,44,7,0.21404743393392525
296,-303.0,323,True,32,12,0.21345259986690437
297,-675.0,382,False,40,6,0.21285958920749118
298,-445.0,345,True,50,9,0.212268396366202
299,-333.0,347,True,36,7,0.2116790157706872
300,-340.0,295,True,44,8,0.2110914418656787
301,-156.0,240,True,27,7,0.21050566911293747
302,-144.0,129,True,40,5,0.20992169199120148
303,-400.0,338,True,49,5,0.20933950499613366
304,-788.0,283,True,112,5,0.20875910264026987
305,-264.0,343,True,32,5,0.2081804794529673
306,-43.0,165,True,16,9,0.20760362998035298
307,-751.0,382,False,43,12,0.2070285487852721
308,-133.0,265,True,24,5,0.2064552304472371
309,-492.0,367,True,52,12,0.20588366956237625
310,-588.0,357,True,68,11,0.20531386074338304
311,-808.0,382,False,51,11,0.2047457986194651
312,-133.0,262,True,25,4,0.2041794778362938
313,-768.0,382,False,50,10,0.2036148930559537
314,-670.0,382,False,43,3,0.2030520389568922
315,-341.0,213,True,58,5,0.2024909102338694
316,99.0,82,True,13,4,0.20193150159790813
317,-150.0,201,True,30,7,0.20137380777624414
318,-104.0,225,True,22,8,0.20081782351227626
319,-78.0,270,True,13,8,0.20026354356551698
320,-467.0,359,True,54,7,0.19971096271154293
321,-705.0,382,False,27,9,0.19916007574194589
322,-30.0,104,True,21,10,0.1986108774642833
323,-288.0,310,True,37,6,0.19806336270202973
324,-237.0,335,True,26,8,0.1975175262945278
325,-172.0,251,True,28,7,0.1969733630969396
326,-179.0,218,True,37,3,0.19643086798019843
327,-125.0,242,True,23,6,0.19589003583095999
328,-133.0,270,True,23,4,0.19535086155155462
329,-182.0,300,True,25,5,0.19481334005993908
330,-996.0,382,False,83,4,0.19427746628964865
331,-920.0,382,False,65,11,0.1937432351897493
332,-176.0,274,True,31,3,0.19321064172479022
333,112.0,77,True,14,3,0.1926796808747563
334,-731.0,382,False,43,9,0.1921503476350208
335,-448.0,382,True,41,14,0.19162263701629825
336,-294.0,319,True,32,9,0.19109654404459725
337,-759.0,382,False,49,8,0.19057206376117375
338,-725.0,382,False,41,9,0.19004919122248426
339,-287.0,264,True,47,2,0.18952792150013936
340,-722.0,382,False,41,10,0.18900824968085694
341,-742.0,382,False,49,4,0.18849017086641626
342,-52.0,103,True,36,1,0.1879736801736115
343,-220.0,277,True,36,3,0.18745877273420591
344,-806.0,382,False,50,12,0.18694544369488594
345,-193.0,275,True,26,8,0.1864336882172152
346,-62.0,210,True,19,5,0.1859235014775892
347,-48.0,183,True,18,7,0.18541487866718984
348,-869.0,382,False,62,7,0.1849078149919398
349,-263.0,166,True,53,4,0.18440230567245774
350,-717.0,382,False,37,14,0.1838983459440129
351,-362.0,357,True,44,3,0.18339593105648044
352,-203.0,280,True,29,5,0.18289505627429656
353,-100.0,252,True,17,7,0.1823957168764139
354,-9.0,198,True,15,4,0.1818979081562571
355,-134.0,289,True,22,4,0.1814016254216781
356,-205.0,263,True,28,9,0.18090686399491243
357,-429.0,372,True,39,14,0.18041361921253485
358,-263.0,305,True,36,5,0.17992188642541526
359,-187.0,164,True,43,4,0.17943166099867516
360,-680.0,382,False,38,3,0.17894293831164373
361,-232.0,285,True,30,7,0.1784557137578145
362,-587.0,382,False,25,8,0.1779699827448017
363,35.0,136,True,19,2,0.17748574069429715
364,-232.0,150,True,53,2,0.177002983042027
365,-280.0,333,True,34,5,0.17652170523770877
366,-383.0,317,True,52,3,0.1760419027450085
367,-421.0,346,True,49,8,0.1755635710414978
368,-138.0,216,True,29,5,0.1750867056186115
369,-813.0,382,False,60,6,0.17461130198160488
370,-615.0,269,True,84,9,0.17413735564951152
371,-671.0,382,False,32,12,0.1736648621551009
372,1.0,189,True,10,7,0.17319381704483655
373,-27.0,221,True,16,3,0.1727242158788337
374,-39.0,181,True,16,8,0.1722560542308177
375,-359.0,334,True,43,9,0.17178932768808222
376,38.0,124,True,15,5,0.17132403185144768
377,-315.0,369,True,32,9,0.1708601623352198
378,-319.0,174,True,61,4,0.17039771476714813
379,-207.0,209,True,38,6,0.16993668478838503
380,-156.0,279,True,28,3,0.16947706805344445
381,-131.0,252,True,21,7,0.16901886023016108
382,-95.0,259,True,16,7,0.16856205699964938
383,-85.0,249,True,22,2,0.16810665405626296
384,-110.0,221,True,14,14,0.167652647107554
385,-389.0,332,True,43,12,0.16720003187423277
386,-277.0,151,True,58,4,0.1667488040901273
387,-752.0,382,False,36,16,0.1662989595021432
388,-139.0,229,True,22,9,0.16585049387022344
389,-277.0,269,True,40,5,0.16540340296730857
390,-119.0,295,True,20,4,0.16495768257929677
391,-10.0,213,True,12,5,0.16451332850500414
392,-118.0,172,True,35,2,0.16407033655612516
393,-66.0,232,True,19,3,0.16362870255719308
394,-72.0,267,True,10,9,0.16318842234554068
395,-872.0,382,False,51,19,0.16274949177126108
396,-126.0,264,True,17,9,0.16231190669716847
397,-193.0,262,True,31,5,0.1618756629987591
398,-262.0,307,True,26,14,0.16144075656417275
399,-640.0,349,True,76,11,0.16100718329415348
400,-228.0,262,True,31,11,0.16057493910201134
401,-781.0,382,False,59,2,0.16014401991358376
402,-137.0,204,True,27,7,0.15971442166719707
403,-324.0,279,True,44,8,0.15928614031362825
404,-503.0,372,True,55,9,0.15885917181606696
405,-221.0,257,True,34,6,0.1584335121500771
406,-166.0,247,True,30,5,0.15800915730355922
407,-35.0,195,True,18,4,0.1575861032767126
408,-147.0,224,True,31,3,0.15716434608199745
409,-400.0,179,True,76,0,0.15674388174409748
410,-636.0,294,True,85,7,0.15632470629988232
411,-99.0,121,True,40,1,0.15590681579837024
412,-301.0,328,True,39,5,0.15549020630069071
413,-188.0,265,True,24,10,0.15507487388004773
414,100.0,69,True,16,3,0.15466081462168224
415,-211.0,142,True,53,1,0.1542480246228357
416,-18.0,215,True,14,5,0.15383649999271298
417,-133.0,140,True,39,4,0.15342623685244586
418,-275.0,306,True,37,5,0.15301723133505643
419,-155.0,127,True,46,2,0.15260947958542068
420,-215.0,272,True,27,10,0.15220297776023203
421,-343.0,367,True,38,4,0.15179772202796518
422,12.0,120,True,19,5,0.15139370856884013
423,-213.0,223,True,38,5,0.15099093357478596
424,-77.0,216,True,21,3,0.15058939324940507
425,-259.0,307,True,36,4,0.15018908380793738
426,-796.0,382,False,29,20,0.14979000147722452
427,-179.0,222,True,27,11,0.14939214249567448
428,-85.0,221,True,20,5,0.1489955031132261
429,-263.0,226,True,49,3,0.14860007959131352
430,-172.0,146,True,43,5,0.14820586820283127
431,171.0,53,True,6,5,0.14781286523209886
432,-590.0,294,True,79,9,0.1474210669748259
433,-465.0,226,True,73,5,0.14703046973807712
434,-292.0,345,True,30,10,0.1466410698402377
435,-111.0,138,True,31,8,0.14625286361097833
436,154.0,69,True,10,2,0.14586584739122083
437,-426.0,240,True,69,3,0.14548001753310352
438,-26.0,117,True,28,3,0.145095370399947
439,-14.0,218,True,15,2,0.14471190236621964
440,-922.0,382,False,78,1,0.14432960981750356
441,-248.0,308,True,33,6,0.14394848915046063
442,96.0,168,True,7,1,0.14356853677279832
443,98.0,81,True,14,4,0.14318974910323598
444,-460.0,346,True,55,6,0.14281212257147102
445,49.0,91,True,18,5,0.14243565361814525
446,197.0,51,True,6,2,0.14206033869481138
447,-342.0,283,True,46,9,0.14168617426389957
448,-74.0,95,True,38,3,0.14131315679868406
449,-780.0,382,False,55,5,0.1409412827832499
450,-224.0,204,True,41,5,0.14057054871245986
451,-35.0,224,True,17,1,0.1402009510919214
452,-349.0,305,True,48,6,0.13983248643795368
453,-88.0,234,True,15,7,0.1394651512775548
454,-72.0,93,True,32,7,0.13909894214836893
455,-75.0,120,True,35,2,0.13873385559865384
456,91.0,90,True,17,2,0.1383698881872483
457,-206.0,295,True,32,4,0.13800703648353957
458,-194.0,117,True,50,4,0.1376452970674312
459,-426.0,223,True,68,5,0.13728466652931065
460,-706.0,382,False,50,2,0.1369251414700173
461,-183.0,121,True,44,8,0.13656671850081026
462,-168.0,223,True,34,5,0.13620939424333656
463,-230.0,226,True,37,9,0.13585316532959923
464,-431.0,344,True,49,9,0.1354980284019256
465,-21.0,204,True,15,4,0.13514398011293555
466,-62.0,247,True,14,6,0.13479101712551014
467,-123.0,104,True,39,6,0.13443913611276004
468,-302.0,354,True,35,5,0.1340883337579941
469,-304.0,332,True,37,5,0.13373860675468824
470,-178.0,265,True,30,3,0.1333899518064542
471,147.0,89,True,8,2,0.13304236562700847
472,-179.0,250,True,31,5,0.13269584494014142
473,-9.0,182,True,19,2,0.1323503864796862
474,90.0,75,True,16,4,0.13200598698948815
475,-229.0,321,True,28,4,0.13166264322337407
476,-251.0,247,True,40,6,0.13132035194512154
477,-120.0,213,True,26,7,0.13097910992842857
478,-120.0,117,True,34,8,0.13063891395688296
479,-192.0,259,True,20,13,0.13029976082393216
480,-71.0,167,True,22,7,0.12996164733285312
481,63.0,174,True,9,3,0.12962457029672186
482,-197.0,174,True,39,7,0.12928852653838382
483,-250.0,268,True,35,9,0.12895351289042348
484,-194.0,299,True,28,5,0.12861952619513486
485,-71.0,224,True,21,3,0.12828656330449165
486,-234.0,141,True,54,4,0.12795462108011751
487,-282.0,279,True,38,10,0.1276236963932564
488,-853.0,382,False,50,18,0.12729378612474326
489,-529.0,342,True,61,11,0.1269648871649746
490,0.0,104,True,27,2,0.12663699641387896
491,-127.0,213,True,28,4,0.12631011078088802
492,70.0,117,True,14,3,0.1259842271849072
493,-507.0,195,True,82,6,0.1256593425542868
494,-286.0,276,True,37,9,0.12533545382679284
495,-46.0,207,True,16,6,0.12501255794957852
496,-35.0,95,True,34,1,0.12469065187915514
497,-624.0,325,True,86,2,0.12436973258136348
498,-156.0,274,True,25,6,0.12404979703134537
499,8.0,82,True,23,7,0.12373084221351495
500,-236.0,134,True,55,3,0.12341286512153044
501,33.0,94,True,23,3,0.12309586275826565
502,-226.0,156,True,51,3,0.12277983213578182
503,-673.0,241,True,92,11,0.12246477027529945
504,-86.0,127,True,38,1,0.1221506742071702
505,167.0,83,True,8,0,0.12183754097084888
506,35.0,82,True,23,4,0.1215253676148656
507,-798.0,382,False,60,4,0.12121415119679792
508,159.0,55,True,6,6,0.12090388878324308
509,-50.0,155,True,24,5,0.12059457744979046
510,-189.0,133,True,44,7,0.12028621428099392
511,-390.0,337,True,42,10,0.11997879637034428
512,-26.0,92,True,29,5,0.11967232082024204
513,-280.0,136,True,57,6,0.11936678474197004
514,-14.0,172,True,21,3,0.11906218525566617
515,-392.0,180,True,69,5,0.11875851949029632
516,-407.0,309,True,48,12,0.11845578458362717
517,-59.0,105,True,36,1,0.11815397768219936
518,-272.0,139,True,60,3,0.11785309594130058
519,-146.0,156,True,39,3,0.11755313652493865
520,-91.0,196,True,13,14,0.11725409660581491
521,-28.0,134,True,25,3,0.11695597336529745
522,-165.0,323,True,20,4,0.11665876399339466
523,-108.0,249,True,20,6,0.11636246568872868
524,-50.0,234,True,17,2,0.11606707565850904
525,7.0,244,True,13,1,0.11577259111850624
526,-107.0,251,True,22,4,0.11547900929302564
527,-66.0,143,True,28,5,0.11518632741488116
528,-190.0,134,True,47,5,0.11489454272536934
529,-73.0,234,True,19,4,0.11460365247424321
530,-261.0,323,True,32,7,0.11431365391968647
531,-277.0,234,True,47,4,0.11402454432828753
532,-59.0,93,True,32,6,0.11373632097501388
533,-919.0,382,False,61,19,0.11344898114318631
534,74.0,88,True,19,2,0.11316252212445338
535,-198.0,276,True,27,7,0.11287694121876574
536,-37.0,212,True,19,2,0.11259223573435087
537,-106.0,127,True,36,5,0.11230840298768761
538,-156.0,133,True,40,6,0.11202544030348088
539,49.0,178,True,5,7,0.1117433450146365
540,-100.0,261,True,22,3,0.11146211446223589
541,-166.0,273,True,28,4,0.11118174599551126
542,-55.0,184,True,19,7,0.11090223697182046
543,-266.0,263,True,26,21,0.11062358475662211
544,-161.0,263,True,20,12,0.11034578672345076
545,-337.0,147,True,68,3,0.11006884025389212
546,7.0,166,True,15,4,0.10979274273755844
547,120.0,88,True,13,1,0.10951749157206388
548,125.0,85,True,14,0,0.10924308416299992
549,-131.0,120,True,37,7,0.10896951792391098
550,-14.0,233,True,10,6,0.10869679027626998
551,-69.0,222,True,15,9,0.10842489864945415
552,67.0,72,True,19,4,0.10815384048072063
553,-204.0,276,True,35,2,0.10788361321518251
554,-335.0,159,True,66,3,0.10761421430578451
555,-314.0,155,True,60,6,0.10734564121327923
556,-43.0,117,True,28,5,0.10707789140620301
557,-118.0,221,True,18,12,0.1068109623608522
558,60.0,121,True,10,7,0.10654485156125933
559,52.0,86,True,21,3,0.10627955649916934
560,-81.0,207,True,24,4,0.10601507467401602
561,164.0,74,True,9,1,0.10575140359289845
562,21.0,90,True,23,4,0.10548854077055739
563,-525.0,212,True,87,2,0.10522648372935195
564,-322.0,327,True,38,8,0.10496522999923623
565,90.0,81,True,18,1,0.10470477711773603
566,-22.0,238,True,15,3,0.1044451226299256
567,-382.0,300,True,47,9,0.10418626408840456
568,-561.0,218,True,81,10,0.10392819905327479
569,-77.0,92,True,39,2,0.10367092509211744
570,97.0,69,True,14,5,0.10341443977997003
571,-357.0,207,True,62,4,0.10315874069930359
572,-39.0,116,True,27,5,0.10290382543999979
573,-32.0,200,True,19,3,0.10264969159932835
574,-146.0,218,True,31,3,0.10239633678192432
575,52.0,82,True,19,5,0.10214375859976549
576,-1.0,112,True,29,0,0.10189195467214995
577,-123.0,133,True,42,2,0.10164092262567356
578,19.0,90,True,23,5,0.10139066009420765
579,34.0,92,True,25,1,0.1011411647188767
580,103.0,105,True,12,2,0.10089243414803607
581,13.0,93,True,24,4,0.10064446603724994
582,-143.0,152,True,41,1,0.10039725804926902
583,121.0,87,True,8,5,0.10015080785400872
584,32.0,167,True,14,3,0.09990511312852708
585,29.0,189,True,12,3,0.09966017155700292
586,-40.0,193,True,20,4,0.09941598083071397
587,-52.0,95,True,28,8,0.09917253864801512
588,28.0,88,True,25,2,0.09892984271431673
589,-165.0,129,True,42,6,0.09868789074206306
590,-27.0,140,True,27,2,0.09844668045071062
591,-111.0,147,True,32,6,0.0982062095667067
592,41.0,180,True,11,3,0.09796647582346796
593,-188.0,325,True,24,7,0.09772747696135906
594,-201.0,294,True,29,7,0.09748921072767135
595,-14.0,207,True,16,3,0.09725167487660169
596,-135.0,158,True,35,6,0.09701486716923118
597,-126.0,117,True,38,6,0.09677878537350412
598,-303.0,156,True,61,3,0.096543427264207
599,-116.0,243,True,18,10,0.09630879062294748
600,-433.0,186,True,73,6,0.09607487323813348
601,62.0,120,True,15,3,0.09584167290495232
602,90.0,105,True,4,11,0.09560918742535003
603,-163.0,178,True,37,4,0.09537741460801052
604,-186.0,216,True,33,7,0.09514635226833501
605,-9.0,195,True,8,10,0.09491599822842137
606,100.0,93,True,10,5,0.0946863503170436
607,-59.0,211,True,24,0,0.09445740636963143
608,-35.0,147,True,26,3,0.09422916422824987
609,-145.0,231,True,32,1,0.09400162174157886
610,-256.0,305,True,34,7,0.09377477676489306
611,-90.0,168,True,31,2,0.09354862716004148
612,108.0,87,True,14,2,0.0933231707954275
613,-517.0,222,True,83,3,0.09309840554598874
614,48.0,178,True,9,4,0.09287432929317692
615,-58.0,131,True,32,1,0.092650939924938
616,134.0,77,True,14,0,0.09242823533569229
617,193.0,54,True,7,2,0.09220621342631447
618,-198.0,290,True,27,8,0.09198487210411393
619,2.0,174,True,19,1,0.09176420928281506
620,-181.0,133,True,50,1,0.09154422288253744
621,-50.0,114,True,31,3,0.09132491082977635
622,-300.0,221,True,50,5,0.09110627105738325
623,-357.0,222,True,61,3,0.0908883015045462
624,-25.0,90,True,33,2,0.09067100011677053
625,-202.0,167,True,42,6,0.09045436484585936
626,-156.0,215,True,30,6,0.09023839364989442
627,-227.0,147,True,44,9,0.09002308449321673
628,178.0,54,True,7,3,0.08980843534640745
629,5.0,95,True,24,5,0.0895944441862687
630,-255.0,131,True,58,3,0.08938110899580454
631,-43.0,113,True,34,0,0.08916842776420192
632,-7.0,198,True,11,8,0.08895639848681178
633,-257.0,130,True,57,4,0.08874501916513011
634,-38.0,199,True,20,3,0.08853428780677909
635,39.0,221,True,6,4,0.08832420242548841
636,-248.0,272,True,39,4,0.08811476104107643
637,-6.0,195,True,16,3,0.08790596167943161
638,25.0,93,True,24,3,0.08769780237249383
639,-69.0,116,True,31,6,0.08749028115823589
640,170.0,75,True,8,1,0.08728339608064496
641,173.0,58,True,9,2,0.08707714518970427
642,-115.0,215,True,20,10,0.08687152654137456
643,-125.0,288,True,13,11,0.08666653819757587
644,-15.0,189,True,12,7,0.08646217822616925
645,-480.0,215,True,74,6,0.08625844470093849
646,77.0,84,True,19,2,0.08605533570157207
647,-167.0,197,True,40,0,0.08585284931364501
648,40.0,82,True,21,5,0.08565098362860078
649,54.0,182,True,9,3,0.08544973674373334
650,-377.0,183,True,66,5,0.08524910676216924
651,-179.0,274,True,23,8,0.08504909179284975
652,-257.0,168,True,53,3,0.08484968995051294
653,32.0,89,True,24,3,0.08465089935567599
654,-219.0,374,True,19,7,0.08445271813461748
655,-213.0,130,True,49,6,0.08425514441935969
656,208.0,75,True,4,0,0.084058176347651
657,-126.0,173,True,32,5,0.08386181206294838
658,-106.0,132,True,39,1,0.08366604971439981
659,-138.0,248,True,23,6,0.08347088745682694
660,-18.0,95,True,28,4,0.08327632345070757
661,-237.0,136,True,51,7,0.08308235586215841
662,-74.0,190,True,25,4,0.0828889828629178
663,-167.0,127,True,44,5,0.08269620263032841
664,-47.0,223,True,14,6,0.08250401334732009
665,-44.0,233,True,16,4,0.08231241320239277
666,-160.0,243,True,28,6,0.08212140038959934
667,-49.0,253,True,16,3,0.08193097310852866
668,-220.0,333,True,22,10,0.08174112956428858
669,128.0,81,True,14,1,0.08155186796748906
670,-178.0,140,True,45,4,0.08136318653422515
671,162.0,54,True,11,2,0.08117508348606042
672,-105.0,123,True,38,3,0.08098755705001001
673,41.0,170,True,11,6,0.08080060545852398
674,31.0,95,True,22,4,0.08061422694947067
675,-49.0,183,True,12,11,0.08042841976612003
676,-292.0,268,True,33,14,0.08024318215712713
677,127.0,79,True,14,1,0.08005851237651562
678,-69.0,166,True,25,5,0.07987440868366129
679,-87.0,263,True,20,2,0.07969086934327557
680,-177.0,306,True,21,9,0.07950789262538935
681,-78.0,203,True,18,8,0.07932547680533653
682,-80.0,183,True,26,4,0.0791436201637378
683,-531.0,370,True,57,11,0.0789623209864845
684,-64.0,124,True,31,4,0.07878157756472234
685,33.0,203,True,12,1,0.07860138819483542
686,125.0,62,True,15,2,0.07842175117843007
687,53.0,185,True,10,2,0.07824266482231891
688,127.0,60,True,5,10,0.07806412743850487
689,-30.0,93,True,30,4,0.07788613734416523
690,92.0,90,True,15,3,0.07770869286163584
691,-63.0,239,True,20,2,0.07753179231839528
692,37.0,179,True,14,1,0.07735543404704909
693,-160.0,276,True,17,13,0.07717961638531401
694,126.0,134,True,5,3,0.07700433767600237
695,-22.0,123,True,22,6,0.0768295962670065
696,83.0,79,True,16,4,0.07665539051128302
697,76.0,81,True,18,3,0.07648171876683753
698,-29.0,118,True,23,7,0.07630857939670883
699,44.0,74,True,19,7,0.07613597076895383
700,9.0,225,True,14,2,0.07596389125663194
701,16.0,92,True,27,2,0.07579233923778982
702,-69.0,204,True,21,4,0.07562131309544606
703,-19.0,185,True,18,4,0.07545081121757596
704,-45.0,213,True,18,4,0.07528083199709636
705,-62.0,97,True,30,7,0.07511137383185038
706,-662.0,310,True,89,6,0.07494243512459248
707,-19.0,197,True,18,2,0.07477401428297333
708,-179.0,190,True,41,2,0.0746061097195247
709,134.0,78,True,13,0,0.07443871985164469
710,84.0,76,True,19,2,0.07427184310158269
711,58.0,150,True,13,2,0.07410547789642451
712,45.0,82,True,19,6,0.07393962266807762
713,37.0,197,True,10,3,0.0737742758532563
714,61.0,190,True,11,1,0.07360943589346694
715,-100.0,140,True,37,1,0.07344510123499334
716,87.0,101,True,16,1,0.07328127032888214
717,83.0,93,True,14,4,0.07311794163092801
718,-40.0,117,True,32,1,0.07295511360165934
719,11.0,123,True,22,3,0.0727927847063236
720,23.0,93,True,22,5,0.0726309534148729
721,53.0,95,True,18,4,0.07246961820194955
722,-268.0,150,True,55,5,0.07230877754687176
723,-104.0,118,True,35,6,0.07214842993361915
724,48.0,167,True,10,5,0.07198857385081864
725,-87.0,212,True,27,1,0.07182920779173006
726,-7.0,229,True,14,3,0.0716703302542321
727,-222.0,325,True,26,6,0.07151193974080791
728,136.0,77,True,12,1,0.0713540347585313
729,-5.0,93,True,28,3,0.07119661381905239
730,107.0,77,True,14,3,0.07103967543858375
731,-361.0,190,True,59,8,0.07088321813788635
732,-20.0,93,True,24,8,0.07072724044225562
733,68.0,87,True,20,1,0.07057174088150754
734,44.0,126,True,17,3,0.07041671798996486
735,35.0,81,True,22,5,0.0702621703064432
736,128.0,92,True,11,1,0.07010809637423722
737,-109.0,167,True,32,4,0.06995449474110708
738,-41.0,132,True,31,1,0.06980136395926462
739,-165.0,252,True,25,8,0.0696487025853597
740,0.0,93,True,26,4,0.06949650918046665
741,-303.0,218,True,47,8,0.06934478231007074
742,-52.0,170,True,23,5,0.06919352054405452
743,3.0,203,True,10,7,0.0690427224566845
744,124.0,82,True,13,2,0.06889238662659761
745,-235.0,140,True,47,9,0.06874251163678788
746,-38.0,123,True,22,8,0.06859309607459292
747,193.0,58,True,7,1,0.06844413853168087
748,95.0,81,True,14,4,0.06829563760403688
749,-5.0,95,True,22,8,0.06814759189195001
750,121.0,69,True,16,1,0.068
751,162.0,82,True,7,2,0.06785286053704413
752,-262.0,221,True,46,5,0.06770617211620407
753,61.0,89,True,20,3,0.06755993335485284
754,-169.0,308,True,27,4,0.06741414287460182
755,106.0,166,True,5,2,0.06726879930128761
756,73.0,82,True,21,1,0.06712390126495926
757,-377.0,355,True,34,14,0.06697944739986528
758,-82.0,212,True,23,4,0.0668354363444407
759,42.0,151,True,12,5,0.06669186674129433
760,18.0,204,True,5,10,0.06654873723719597
761,-34.0,123,True,30,1,0.06640604648306357
762,39.0,87,True,24,2,0.06626379313395059
763,121.0,75,True,16,0,0.06612197584903327
764,73.0,86,True,17,3,0.06598059329159807
765,91.0,82,True,19,0,0.06583964412902894
766,-2.0,96,True,27,3,0.0656991270327949
767,-103.0,166,True,33,3,0.06555904067843746
768,-129.0,247,True,28,2,0.06541938374555807
769,141.0,69,True,12,2,0.06528015491780582
770,28.0,150,True,17,3,0.06514135288286489
771,-29.0,226,True,9,8,0.06500297633244226
772,-51.0,117,True,32,2,0.06486502396225535
773,92.0,68,True,17,3,0.06472749447201977
774,-81.0,117,True,30,8,0.06459038656543696
775,114.0,63,True,10,7,0.0644536989501821
776,-178.0,164,True,33,11,0.06431743033789186
777,205.0,59,True,6,0,0.06418157944415223
778,34.0,160,True,11,6,0.06404614498848651
779,201.0,57,True,4,3,0.06391112569434312
780,-62.0,248,True,19,2,0.06377652028908368
781,111.0,116,True,11,1,0.0636423275039709
782,-148.0,299,True,24,4,0.06350854607415676
783,-187.0,251,True,26,11,0.06337517473867049
784,57.0,212,True,7,3,0.06324221224040663
785,-120.0,245,True,28,2,0.06310965732611336
786,-34.0,210,True,19,1,0.06297750874638051
787,-143.0,282,True,23,4,0.06284576525562793
788,-279.0,284,True,35,9,0.06271442561209363
789,191.0,73,True,6,0,0.06258348857782213
790,-8.0,186,True,15,4,0.0624529529186528
791,-6.0,120,True,27,1,0.06232281740420817
792,9.0,176,True,17,3,0.06219308080788247
793,101.0,93,True,16,1,0.06206374190682985
794,89.0,82,True,17,2,0.06193479948195307
795,14.0,169,True,14,4,0.061806252317891885
796,129.0,59,True,10,6,0.06167809920301162
797,-17.0,120,True,29,1,0.06155033892939178
798,187.0,72,True,7,0,0.061422970292814585
799,109.0,90,True,13,3,0.061295992092753715
800,198.0,51,True,4,4,0.06116940313236292
801,-51.0,272,True,9,6,0.06104320221846481
802,26.0,94,True,25,2,0.06091738816153952
803,-74.0,240,True,15,7,0.060791959775713555
804,161.0,62,True,9,3,0.060666915878748645
805,-204.0,141,True,46,6,0.0605422552920305
806,112.0,86,True,13,2,0.0604179768405578
807,185.0,59,True,6,3,0.06029407935293109
808,138.0,69,True,12,2,0.06017056166134167
809,138.0,59,True,10,5,0.06004742260156072
810,-17.0,95,True,30,2,0.05992466101292822
811,-78.0,160,True,31,2,0.05980227573834203
812,-126.0,150,True,39,2,0.059680265624247
813,-85.0,233,True,14,9,0.059558629520624115
814,25.0,82,True,21,6,0.05943736628097965
815,-343.0,166,True,63,5,0.05931647476233427
816,-136.0,217,True,34,1,0.05919595382521245
817,-246.0,226,True,45,3,0.05907580233363151
818,122.0,75,True,10,5,0.05895601915509108
819,-90.0,168,True,19,12,0.058836603160562356
820,-376.0,374,True,41,8,0.05871755322447744
821,-118.0,117,True,44,1,0.05859886822471881
822,-80.0,150,True,33,2,0.05848054704260862
823,-97.0,190,True,29,2,0.05836258856289825
824,110.0,90,True,13,2,0.05824499167375778
825,-30.0,95,True,30,4,0.05812775526676553
826,-97.0,225,True,24,3,0.0580108782368975
827,95.0,81,True,16,3,0.057894359482517116
828,141.0,59,True,8,6,0.05777819790536473
829,-92.0,186,True,29,3,0.05766239241054731
830,-265.0,165,True,54,4,0.057546941906528135
831,12.0,121,True,24,1,0.05743184530511644
832,58.0,166,True,13,1,0.05731710152145722
833,-36.0,212,True,15,5,0.057202709474021035
834,125.0,54,True,15,3,0.05708866808459373
835,22.0,186,True,15,2,0.05697497627826631
836,-4.0,239,True,8,8,0.05686163298342485
837,-104.0,157,True,30,5,0.056748637131740304
838,32.0,173,True,14,4,0.05663598765815854
839,34.0,117,True,22,1,0.05652368350089022
840,166.0,92,True,5,2,0.05641172360140084
841,-89.0,121,True,32,6,0.05630010690440068
842,167.0,57,True,10,2,0.056188832357834964
843,-20.0,127,True,24,4,0.056077898912873875
844,2.0,186,True,13,5,0.055967305523902694
845,-2.0,191,True,12,6,0.05585705114851193
846,62.0,69,True,22,3,0.05574713474748748
847,82.0,150,True,9,3,0.05563755528480088
848,208.0,57,True,2,4,0.055528311727599505
849,-206.0,273,True,34,3,0.05541940304619687
850,12.0,93,True,28,1,0.0553108282140628
851,132.0,78,True,11,3,0.05520258620781396
852,14.0,184,True,15,3,0.05509467600720405
853,22.0,168,True,13,4,0.05498709659511425
854,29.0,140,True,19,3,0.05487984695754361
855,171.0,69,True,6,3,0.05477292608359953
856,61.0,140,True,13,3,0.054666332965488174
857,-31.0,154,True,25,1,0.054560066598505014
858,8.0,120,True,25,1,0.054454125981025364
859,-222.0,265,True,26,13,0.054348510114494916
860,62.0,101,True,18,3,0.054243218003420315
861,110.0,82,True,15,1,0.05413824865535981
862,132.0,72,True,13,2,0.0540336010809139
863,-93.0,144,True,37,0,0.05392927429371597
864,70.0,71,True,14,8,0.05382526731042306
865,80.0,143,True,8,5,0.05372157915070651
866,100.0,146,True,7,3,0.053618208837242776
867,209.0,57,True,4,1,0.05351515539570423
868,-77.0,120,True,35,3,0.05341241785474994
869,6.0,223,True,14,2,0.0533099952460165
870,-28.0,90,True,21,11,0.05320788660410897
871,-112.0,117,True,36,7,0.053106090966591704
872,-304.0,308,True,41,6,0.05300460737397937
873,142.0,70,True,11,2,0.05290343486972776
874,141.0,59,True,12,3,0.05280257250022495
875,112.0,82,True,15,1,0.05270201931478215
876,20.0,181,True,14,3,0.05260177436562487
877,75.0,151,True,12,1,0.05250183670788389
878,219.0,54,True,5,0,0.052402205399586455
879,199.0,57,True,6,1,0.05230287950164726
880,117.0,82,True,13,2,0.05220385807785975
881,-47.0,215,True,14,8,0.052105140194887184
882,-129.0,134,True,37,6,0.052006724922253875
883,66.0,84,True,17,5,0.05190861133233643
884,11.0,117,True,24,2,0.051810798500355026
885,11.0,86,True,23,6,0.05171328550436462
886,96.0,86,True,13,4,0.05161607142524631
887,102.0,183,True,4,2,0.05151915534669872
888,79.0,93,True,16,3,0.05142253635522921
889,-123.0,166,True,21,14,0.051326213540145466
890,46.0,84,True,19,6,0.051230185993546756
891,-35.0,117,True,26,5,0.05113445281031545
892,173.0,57,True,8,3,0.05103901308810847
893,-67.0,147,True,32,1,0.05094386592734879
894,-107.0,212,True,21,9,0.05084901043121695
895,113.0,118,True,11,1,0.05075444570564258
896,69.0,155,True,10,3,0.05066017085929604
897,-212.0,310,True,25,10,0.05056618500357997
898,143.0,77,True,12,1,0.05047248725262088
899,80.0,177,True,8,1,0.05037907672326087
900,33.0,166,True,15,2,0.050285952535049284
901,247.0,52,True,1,0,0.050193113810234405
902,57.0,85,True,22,1,0.050100559673755166
903,146.0,63,True,8,4,0.050008289253232925
904,167.0,140,True,1,1,0.04991630167896323
905,5.0,101,True,22,6,0.04982459608390764
906,169.0,59,True,6,5,0.049733171603685525
907,50.0,82,True,21,4,0.049642027376565916
908,-19.0,117,True,28,2,0.049551162543459426
909,-89.0,246,True,23,5,0.04946057624791013
910,14.0,141,True,14,7,0.04937026763608746
911,147.0,57,True,10,4,0.04928023585677821
912,235.0,43,True,4,0,0.049190480061378467
913,191.0,57,True,4,4,0.04910099940388564
914,123.0,77,True,14,2,0.0490117930408905
915,228.0,55,True,2,1,0.048922860131569185
916,-177.0,138,True,41,7,0.04883419983767529
917,10.0,179,True,16,2,0.04874581132353201
918,136.0,147,True,2,4,0.04865769375602418
919,-139.0,139,True,42,2,0.048569846304590526
920,28.0,193,True,10,3,0.048482268141215756
921,111.0,61,True,16,3,0.048394958440422756
922,2.0,82,True,27,4,0.048307916379264876
923,140.0,72,True,9,4,0.04822114113731811
924,71.0,78,True,17,5,0.048134631896673385
925,85.0,82,True,17,3,0.04804838784192886
926,14.0,173,True,16,2,0.0479624081601822
927,118.0,72,True,15,2,0.04787669204102299
928,97.0,133,True,10,2,0.04779123867652502
929,33.0,152,True,17,2,0.047706047261238727
930,-43.0,117,True,24,8,0.047621116992183535
931,58.0,157,True,8,6,0.04753644706884039
932,19.0,193,True,8,8,0.0474520366931441
933,42.0,93,True,22,3,0.04736788506947588
934,-181.0,134,True,45,5,0.047283991404655876
935,87.0,152,True,7,4,0.04720035490793559
936,-53.0,130,True,33,1,0.04711697479099053
937,42.0,86,True,15,9,0.047033850267912736
938,111.0,72,True,15,3,0.04695098055520336
939,35.0,150,True,13,6,0.046868364871765295
940,150.0,58,True,7,6,0.046786002438895836
941,204.0,59,True,2,3,0.0467038924802793
942,201.0,60,True,3,4,0.04662203422197972
943,157.0,58,True,9,4,0.046540426892433574
944,79.0,82,True,17,4,0.0464590697224425
945,115.0,82,True,13,2,0.046377961945165996
946,161.0,61,True,4,7,0.04629710279611428
947,-43.0,95,True,28,7,0.046216491513141035
948,139.0,58,True,7,7,0.046136127336436225
949,131.0,58,True,11,5,0.046056009508518944
950,175.0,69,True,8,1,0.045976137274230264
951,73.0,79,True,20,2,0.04589650988072613
952,82.0,77,True,18,3,0.045817126577470266
953,79.0,174,True,5,3,0.04573798661622709
954,45.0,175,True,12,2,0.04565908925105465
955,186.0,59,True,8,1,0.045580433738297635
956,159.0,60,True,9,4,0.04550201933658031
957,84.0,74,True,19,2,0.04542384530679958
958,150.0,58,True,9,4,0.04534591091211801
959,-165.0,141,True,44,3,0.04526821541795683
960,105.0,60,True,13,6,0.045190758091989094
961,125.0,57,True,12,5,0.045113538204132705
962,185.0,57,True,6,3,0.04503655502654358
963,149.0,57,True,14,1,0.044959807833608784
964,-104.0,133,True,40,1,0.04488329590193964
965,42.0,69,True,22,5,0.044807018510364977
966,-84.0,216,True,27,1,0.04473097493992432
967,44.0,139,True,18,1,0.04465516447386107
968,28.0,84,True,23,5,0.04457958639761581
969,86.0,72,True,15,6,0.04450423999881951
970,100.0,69,True,18,2,0.044429124567286836
971,-113.0,216,True,29,2,0.04435423939500949
972,154.0,57,True,8,5,0.04427958377614949
973,27.0,98,True,25,2,0.04420515700703251
974,-120.0,127,True,42,2,0.04413095838614132
975,116.0,82,True,15,1,0.044056987214109083
976,-144.0,183,True,38,2,0.04398324279371282
977,178.0,57,True,6,4,0.043909724429866834
978,29.0,168,True,17,1,0.043836431429616136
979,154.0,144,True,3,0,0.04376336310212992
980,119.0,69,True,16,2,0.04369051875869508
981,127.0,71,True,14,1,0.043617897712709644
982,-254.0,290,True,37,6,0.04354549927967643
983,76.0,166,True,9,2,0.04347332277719644
984,-143.0,120,True,45,2,0.043401367524962556
985,-177.0,310,True,19,10,0.04332963284475305
986,-31.0,120,True,25,6,0.043258118060425246
987,164.0,60,True,9,3,0.043186822497909096
988,129.0,82,True,13,1,0.043115745485200856
989,189.0,79,True,4,2,0.043044886352356745
990,104.0,68,True,11,7,0.04297424443148665
991,136.0,58,True,11,5,0.04290381905674778
992,100.0,70,True,17,2,0.04283360956433844
993,114.0,82,True,13,3,0.04276361529249176
994,33.0,150,True,11,7,0.042693835581469435
995,42.0,84,True,15,8,0.042624269773555545
996,67.0,207,True,6,2,0.04255491721305035
997,212.0,55,True,6,0,0.042485777246264046
998,92.0,76,True,19,1,0.0424168492215107
999,129.0,57,True,16,1,0.04234813248910203
1000,-59.0,221,True,22,1,0.042279626401341336
1001,98.0,152,True,9,2,0.04221133031251738
1002,169.0,60,True,7,4,0.04214324357889822
1003,-6.0,97,True,30,1,0.0420753655587253
1004,-86.0,223,True,16,10,0.04200769561220727
1005,170.0,71,True,8,1,0.04194023310151401
1006,-46.0,182,True,21,4,0.0418729773907706
1007,-18.0,167,True,18,6,0.041805927846051354
1008,-125.0,297,True,18,6,0.0417390838353738
1009,42.0,85,True,16,8,0.04167244472869276
1010,108.0,66,True,15,4,0.041606009897894425
1011,21.0,168,True,13,6,0.041539778716790356
1012,76.0,175,True,2,8,0.04147375056111167
1013,92.0,158,True,7,4,0.04140792480850312
1014,3.0,93,True,22,7,0.041342300838517226
1015,214.0,49,True,6,0,0.04127687803260843
1016,-92.0,216,True,25,4,0.041211655774127276
1017,149.0,58,True,9,5,0.04114663344831457
1018,54.0,158,True,13,2,0.04108181044229561
1019,72.0,155,True,10,3,0.04101718614507442
1020,213.0,58,True,5,0,0.04095275994752798
1021,69.0,172,True,11,1,0.040888531242400425
1022,191.0,57,True,8,1,0.040824499424297424
1023,-70.0,130,True,33,2,0.04076066388968043
1024,-277.0,142,True,55,7,0.04069702403686094
1025,132.0,82,True,7,6,0.04063357926599494
1026,-118.0,121,True,42,1,0.0405703289790771
1027,-47.0,120,True,27,6,0.04050727257993529
1028,175.0,69,True,8,1,0.04044440947422484
1029,48.0,84,True,19,5,0.04038173906942303
1030,188.0,57,True,8,1,0.04031926077482341
1031,28.0,86,True,21,6,0.04025697400153033
1032,109.0,151,True,8,1,0.040194878162453325
1033,139.0,77,True,12,1,0.040132972672301606
1034,-18.0,173,True,22,3,0.04007125694757853
1035,-56.0,120,True,31,3,0.040009730406576106
1036,121.0,69,True,12,4,0.039948392469369536
1037,196.0,61,True,4,3,0.0398872425578117
1038,27.0,129,True,18,4,0.03982628009552775
1039,-43.0,117,True,28,5,0.03976550450790966
1040,105.0,69,True,18,1,0.03970491522211079
1041,133.0,79,True,12,1,0.03964451166704053
1042,30.0,117,True,20,3,0.03958429327335889
1043,124.0,77,True,14,1,0.03952425947347113
1044,162.0,69,True,10,1,0.03946440970152243
1045,116.0,67,True,12,5,0.03940474339339253
1046,90.0,70,True,15,5,0.039345259986690445
1047,183.0,74,True,7,1,0.03928595892074912
1048,-44.0,207,True,18,4,0.039226839636620214
1049,5.0,202,True,13,4,0.03916790157706873
1050,138.0,77,True,6,7,0.03910914418656788
1051,93.0,82,True,19,1,0.03905056691129375
1052,118.0,69,True,12,5,0.03899216919912016
1053,192.0,54,True,5,3,0.03893395049961337
1054,145.0,68,True,9,4,0.038875910264026994
1055,109.0,69,True,16,2,0.03881804794529674
1056,-62.0,124,True,27,7,0.0387603629980353
1057,49.0,174,True,5,9,0.03870285487852721
1058,138.0,79,True,12,2,0.03864552304472372
1059,128.0,147,True,6,2,0.03858836695623763
1060,39.0,93,True,22,3,0.038531386074338314
1061,2.0,86,True,25,5,0.038474579861946516
1062,197.0,62,True,5,1,0.03841794778362939
1063,18.0,166,True,19,1,0.03836148930559538
1064,193.0,59,True,6,2,0.03830520389568922
1065,74.0,69,True,12,9,0.038249091023386944
1066,112.0,146,True,9,1,0.038193150159790815
1067,-77.0,124,True,33,4,0.03813738077762442
1068,-53.0,102,True,27,8,0.03808178235122764
1069,-23.0,166,True,21,3,0.0380263543565517
1070,101.0,75,True,16,3,0.0379710962711543
1071,54.0,93,True,20,3,0.037916007574194596
1072,92.0,159,True,8,3,0.03786108774642834
1073,-36.0,179,True,24,1,0.03780633627020298
1074,72.0,140,True,13,3,0.03775175262945278
1075,2.0,94,True,27,3,0.03769733630969396
1076,146.0,69,True,10,3,0.037643086798019844
1077,153.0,68,True,9,3,0.03758900358309601
1078,216.0,57,True,2,3,0.03753508615515547
1079,-140.0,117,True,42,4,0.03748133400599392
1080,151.0,69,True,12,1,0.03742774662896487
1081,-58.0,216,True,17,7,0.03737432351897493
1082,96.0,75,True,14,5,0.03732106417247903
1083,139.0,86,True,7,4,0.037267968087475636
1084,155.0,58,True,5,7,0.03721503476350209
1085,117.0,69,True,12,5,0.037162263701629825
1086,89.0,82,True,15,4,0.037109654404459735
1087,186.0,68,True,3,4,0.03705720637611738
1088,194.0,57,True,4,4,0.03700491912224844
1089,181.0,57,True,4,5,0.036952792150013944
1090,170.0,69,True,8,2,0.0369008249680857
1091,-4.0,93,True,26,5,0.036849017086641636
1092,198.0,57,True,6,1,0.03679736801736115
1093,135.0,74,True,9,5,0.0367458772734206
1094,165.0,69,True,8,3,0.036694544369488595
1095,179.0,60,True,7,3,0.03664336882172152
1096,142.0,59,True,12,3,0.03659235014775893
1097,190.0,58,True,3,5,0.03654148786671899
1098,58.0,150,True,15,2,0.03649078149919399
1099,85.0,70,True,11,9,0.03644023056724578
1100,69.0,174,True,7,4,0.036389834594401295
1101,83.0,81,True,16,4,0.03633959310564805
1102,248.0,57,True,0,1,0.03628950562742966
1103,128.0,68,True,15,1,0.0362395716876414
1104,175.0,61,True,6,4,0.036189790815625705
1105,189.0,60,True,5,4,0.03614016254216782
1106,145.0,57,True,14,1,0.036090686399491256
1107,134.0,72,True,11,3,0.03604136192125349
1108,210.0,57,True,2,4,0.03599218864254153
1109,136.0,69,True,8,6,0.035943166099867516
1110,212.0,57,True,4,2,0.03589429383116438
1111,134.0,69,True,14,1,0.035845571375781454
1112,14.0,117,True,22,3,0.03579699827448017
1113,1.0,117,True,24,4,0.03574857406942972
1114,108.0,66,True,7,9,0.0357002983042027
1115,-84.0,162,True,31,3,0.035652170523770885
1116,64.0,93,True,16,5,0.03560419027450086
1117,199.0,58,True,5,3,0.03555635710414979
1118,121.0,69,True,10,6,0.035508670561861154
1119,98.0,77,True,12,6,0.035461130198160495
1120,70.0,160,True,9,4,0.03541373556495116
1121,161.0,58,True,7,5,0.0353664862155101
1122,43.0,140,True,13,5,0.03531938170448366
1123,-59.0,190,True,19,6,0.03527242158788337
1124,80.0,140,True,13,1,0.03522560542308178
1125,141.0,59,True,6,8,0.03517893276880823
1126,88.0,150,True,7,5,0.035132403185144774
1127,165.0,57,True,10,2,0.035086016233521984
1128,133.0,68,True,13,2,0.03503977147671482
1129,57.0,82,True,23,1,0.0349936684788385
1130,129.0,69,True,14,2,0.03494770680534445
1131,88.0,77,True,16,4,0.03490188602301611
1132,-79.0,117,True,34,4,0.034856205699964934
1133,101.0,69,True,16,3,0.034810665405626294
1134,139.0,58,True,11,4,0.03476526471075541
1135,-244.0,191,True,52,1,0.034720003187423285
1136,118.0,77,True,14,2,0.03467488040901274
1137,117.0,69,True,16,1,0.034629895950214325
1138,161.0,69,True,6,5,0.03458504938702235
1139,180.0,61,True,4,5,0.034540340296730865
1140,-153.0,223,True,26,9,0.03449576825792968
1141,48.0,136,True,19,1,0.03445133285050042
1142,165.0,72,True,7,2,0.03440703365561252
1143,132.0,58,True,7,8,0.03436287025571932
1144,-109.0,218,True,27,4,0.03431884223455408
1145,-110.0,120,True,33,8,0.03427494917712612
1146,50.0,166,True,9,4,0.034231190669716846
1147,-129.0,146,True,37,5,0.03418756629987592
1148,107.0,69,True,14,4,0.03414407565641728
1149,-201.0,166,True,45,4,0.03410071832941535
1150,110.0,75,True,12,5,0.03405749391020114
1151,-17.0,117,True,26,3,0.03401440199135838
1152,71.0,135,True,10,6,0.03397144216671971
1153,50.0,93,True,20,3,0.03392861403136284
1154,176.0,57,True,8,3,0.0338859171816067
1155,49.0,77,True,22,4,0.033843351215007714
1156,154.0,57,True,10,3,0.03380091573035593
1157,-66.0,213,True,20,4,0.033758610327671267
1158,111.0,92,True,13,2,0.03371643460819975
1159,84.0,67,True,10,10,0.03367438817440975
1160,142.0,59,True,4,9,0.03363247062998823
1161,178.0,55,True,6,4,0.03359068157983702
1162,159.0,72,True,9,2,0.03354902063006908
1163,178.0,57,True,8,3,0.033507487388004784
1164,62.0,207,True,6,2,0.03346608146216823
1165,63.0,93,True,18,3,0.033424802462283576
1166,141.0,57,True,10,5,0.033383649999271306
1167,-8.0,92,True,27,4,0.03334262368524459
1168,97.0,77,True,12,6,0.03330172313350565
1169,31.0,93,True,24,3,0.03326094795854207
1170,65.0,69,True,14,9,0.0332202977760232
1171,107.0,77,True,10,6,0.033179772202796526
1172,146.0,58,True,13,1,0.033139370856884016
1173,190.0,58,True,3,5,0.033099093357478605
1174,-27.0,127,True,26,4,0.033058939324940514
1175,118.0,77,True,10,5,0.03301890838079374
1176,150.0,56,True,11,3,0.032979000147722454
1177,46.0,93,True,20,3,0.03293921424956745
1178,-49.0,124,True,31,2,0.03289955031132261
1179,135.0,116,True,3,6,0.032860007959131354
1180,135.0,69,True,8,6,0.03282058682028313
1181,138.0,70,True,11,3,0.03278128652320989
1182,74.0,211,True,6,2,0.03274210669748259
1183,122.0,79,True,12,3,0.03270304697380772
1184,194.0,57,True,4,4,0.03266410698402378
1185,122.0,69,True,12,4,0.032625286361097836
1186,49.0,93,True,20,4,0.032586584739122085
1187,139.0,66,True,9,5,0.03254800175331036
1188,144.0,57,True,8,6,0.0325095370399947
1189,189.0,57,True,6,3,0.03247119023662196
1190,-39.0,147,True,20,8,0.032432960981750365
1191,140.0,68,True,7,6,0.03239484891504607
1192,115.0,60,True,13,5,0.032356853677279834
1193,-5.0,212,True,15,1,0.0323189749103236
1194,-119.0,211,True,18,12,0.032281212257147106
1195,135.0,72,True,13,1,0.032243565361814525
1196,161.0,58,True,11,2,0.03220603386948114
1197,65.0,79,True,18,5,0.03216861742638996
1198,-135.0,257,True,24,5,0.032131315679868405
1199,173.0,57,True,8,3,0.03209412827832499
1200,167.0,59,True,10,2,0.032057054871245994
1201,-4.0,94,True,21,8,0.03202009510919215
1202,116.0,72,True,11,6,0.03198324864379537
1203,-297.0,168,True,51,10,0.03194651512775548
1204,40.0,147,True,18,2,0.03190989421483689
1205,192.0,57,True,6,3,0.03187338555986539
1206,152.0,57,True,12,2,0.031836988818724835
1207,47.0,150,True,13,4,0.03180070364835396
1208,184.0,77,True,6,1,0.03176452970674312
1209,134.0,77,True,10,4,0.031728466652931074
1210,-41.0,89,True,32,4,0.031692514147001735
1211,149.0,57,True,6,7,0.03165667185008103
1212,111.0,77,True,14,3,0.03162093942433366
1213,117.0,69,True,14,3,0.03158531653295993
1214,163.0,58,True,7,5,0.03154980284019256
1215,179.0,57,True,6,4,0.03151439801129356
1216,161.0,60,True,9,3,0.03147910171255102
1217,117.0,69,True,14,3,0.031443913611276006
1218,113.0,69,True,12,5,0.03140883337579941
1219,148.0,61,True,10,4,0.03137386067546883
1220,153.0,59,True,8,5,0.031338995180645424
1221,64.0,147,True,14,2,0.03130423656270085
1222,116.0,81,True,8,7,0.031269584494014145
1223,126.0,72,True,15,1,0.031235038647968623
1224,211.0,57,True,4,1,0.03120059869894882
1225,98.0,75,True,14,5,0.03116626432233741
1226,97.0,84,True,15,3,0.03113203519451216
1227,-65.0,215,True,18,7,0.031097910992842856
1228,114.0,84,True,15,1,0.031063891395688298
1229,139.0,69,True,8,5,0.031029976082393225
1230,31.0,87,True,20,6,0.030996164733285318
1231,167.0,68,True,7,3,0.030962457029672194
1232,-39.0,120,True,29,3,0.030928852653838386
1233,114.0,72,True,11,6,0.030895351289042347
1234,174.0,59,True,10,1,0.03086195261951349
1235,131.0,72,True,11,4,0.03082865633044917
1236,165.0,61,True,6,5,0.030795462108011755
1237,133.0,74,True,11,3,0.03076236963932564
1238,136.0,81,True,12,1,0.030729378612474333
1239,73.0,75,True,20,2,0.030696488716497463
1240,132.0,57,True,8,7,0.0306636996413879
1241,176.0,54,True,7,4,0.030631011078088806
1242,10.0,137,True,20,3,0.030598422718490725
1243,141.0,82,True,11,1,0.03056593425542868
1244,114.0,72,True,11,6,0.030533545382679286
1245,181.0,72,True,7,1,0.030501255794957854
1246,35.0,165,True,14,2,0.030469065187915513
1247,-97.0,128,True,37,3,0.030436973258136355
1248,-46.0,210,True,15,7,0.030404979703134542
1249,75.0,93,True,14,5,0.0303730842213515
1250,58.0,117,True,18,1,0.030341286512153048
1251,-123.0,182,True,27,8,0.03030958627582657
1252,66.0,156,True,7,6,0.030277983213578184
1253,155.0,59,True,6,6,0.030246477027529948
1254,164.0,57,True,4,7,0.030215067420717022
1255,180.0,57,True,6,3,0.03018375409708489
1256,217.0,56,True,3,2,0.030152536761486562
1257,183.0,56,True,9,1,0.030121415119679796
1258,155.0,69,True,10,2,0.030090388878324312
1259,171.0,61,True,8,3,0.030059457744979052
1260,129.0,72,True,13,3,0.030028621428099395
1261,-111.0,133,True,36,5,0.02999787963703443
1262,94.0,73,True,14,5,0.029967232082024207
1263,162.0,57,True,8,4,0.029936678474197006
1264,171.0,57,True,6,4,0.02990621852556662
1265,138.0,63,True,10,5,0.02987585194902963
1266,153.0,69,True,10,2,0.02984557845836272
1267,162.0,118,True,5,1,0.02981539776821994
1268,160.0,69,True,6,5,0.02978530959413006
1269,207.0,69,True,4,1,0.02975531365249387
1270,74.0,82,True,15,6,0.029725409660581494
1271,87.0,82,True,15,4,0.029695597336529746
1272,155.0,58,True,9,4,0.02966587639933947
1273,166.0,58,True,5,6,0.02963624656887287
1274,171.0,72,True,5,4,0.029606707565850904
1275,55.0,70,True,15,9,0.029577259111850628
1276,98.0,72,True,13,6,0.029547900929302567
1277,27.0,178,True,11,6,0.029518632741488117
1278,-187.0,156,True,41,7,0.029489454272536936
1279,-32.0,117,True,28,3,0.029460365247424326
1280,176.0,61,True,6,4,0.02943136539196865
1281,124.0,74,True,13,2,0.029402454432828753
1282,146.0,58,True,5,8,0.029373632097501393
1283,184.0,57,True,4,5,0.029344898114318632
1284,153.0,67,True,12,1,0.02931625221244534
1285,82.0,93,True,18,1,0.029287694121876578
1286,175.0,58,True,5,5,0.029259223573435092
1287,230.0,59,True,2,1,0.029230840298768764
1288,111.0,72,True,13,4,0.029202544030348093
1289,-69.0,133,True,32,3,0.02917433450146365
1290,-70.0,184,True,21,7,0.02914621144622359
1291,12.0,198,True,11,6,0.029118174599551128
1292,191.0,61,True,4,3,0.029090223697182047
1293,31.0,81,True,24,3,0.029062358475662214
1294,5.0,150,True,23,1,0.029034578672345074
1295,82.0,72,True,15,6,0.029006884025389215
1296,103.0,71,True,12,6,0.02897927427375585
1297,25.0,86,True,23,5,0.028951749157206393
1298,157.0,58,True,9,4,0.028924308416299994
1299,170.0,57,True,8,3,0.0288969517923911
1300,25.0,160,True,17,3,0.028869679027627
1301,167.0,72,True,9,1,0.028842489864945416
1302,148.0,58,True,9,5,0.028815384048072067
1303,61.0,160,True,15,0,0.028788361321518255
1304,164.0,55,True,6,5,0.028761421430578457
1305,196.0,63,True,6,1,0.028734564121327924
1306,-83.0,155,True,32,2,0.028707789140620305
1307,103.0,152,True,3,6,0.028681096236085224
1308,115.0,69,True,14,3,0.028654485156125932
1309,150.0,57,True,8,6,0.028627955649916936
1310,202.0,57,True,6,1,0.028601507467401605
1311,-86.0,233,True,14,10,0.028575140359289847
1312,-45.0,123,True,32,1,0.028548854077055742
1313,102.0,77,True,14,4,0.028522648372935194
1314,128.0,77,True,10,4,0.028496522999923623
1315,77.0,82,True,11,8,0.0284704777117736
1316,196.0,57,True,8,1,0.028444512262992556
1317,14.0,183,True,14,5,0.028418626408840453
1318,95.0,69,True,16,4,0.028392819905327486
1319,174.0,57,True,8,3,0.02836709250921175
1320,170.0,60,True,7,4,0.02834144397799701
1321,164.0,69,True,8,3,0.028315874069930365
1322,-11.0,97,True,28,3,0.028290382543999983
1323,185.0,71,True,4,3,0.02826496915993284
1324,120.0,59,True,14,4,0.028239633678192436
1325,240.0,51,True,2,0,0.02821437585997655
1326,184.0,58,True,5,4,0.028189195467214996
1327,120.0,69,True,14,3,0.02816409226256736
1328,69.0,69,True,12,10,0.028139066009420767
1329,-43.0,150,True,25,4,0.028114116471887673
1330,139.0,81,True,10,2,0.028089243414803608
1331,158.0,58,True,9,4,0.028064446603724993
1332,-53.0,133,True,30,2,0.028039725804926904
1333,185.0,72,True,7,1,0.028015080785400874
1334,18.0,82,True,25,4,0.027990511312852708
1335,192.0,57,True,6,3,0.027966017155700292
1336,203.0,61,True,4,2,0.027941598083071395
1337,-114.0,212,True,15,16,0.027917253864801518
1338,185.0,59,True,8,1,0.02789298427143168
1339,43.0,123,True,20,1,0.027868789074206313
1340,152.0,57,True,6,7,0.027844668045071068
1341,104.0,69,True,16,3,0.02782062095667067
1342,141.0,69,True,10,4,0.0277966475823468
1343,79.0,93,True,14,5,0.02777274769613591
1344,139.0,68,True,7,6,0.02774892107276714
1345,176.0,58,True,9,2,0.02772516748766017
1346,171.0,57,True,10,2,0.02770148671692312
1347,51.0,165,True,14,2,0.027677878537350414
1348,-160.0,151,True,38,6,0.0276543427264207
1349,207.0,57,True,2,4,0.02763087906229475
1350,166.0,70,True,9,2,0.027607487323813348
1351,136.0,75,True,10,4,0.027584167290495232
1352,210.0,57,True,2,4,0.027560918742535002
1353,147.0,59,True,8,6,0.027537741460801055
1354,74.0,151,True,10,4,0.0275146352268335
1355,78.0,146,True,7,6,0.027491599822842133
1356,148.0,69,True,6,6,0.027468635031704363
1357,201.0,57,True,6,1,0.027445740636963145
1358,72.0,93,True,16,4,0.027422916422824992
1359,-59.0,136,True,33,1,0.02740016217415789
1360,107.0,71,True,6,10,0.02737747767648931
1361,52.0,85,True,20,4,0.02735486271600415
1362,212.0,51,True,6,0,0.027332317079542753
1363,72.0,151,True,12,1,0.027309840554598876
1364,152.0,69,True,6,5,0.027287432929317693
1365,142.0,60,True,5,8,0.027265093992493803
1366,182.0,58,True,7,3,0.02724282353356923
1367,221.0,57,True,0,4,0.027220621342631448
1368,148.0,58,True,7,6,0.027198487210411397
1369,172.0,84,True,7,0,0.027176420928281507
1370,168.0,58,True,9,2,0.027154422288253745
1371,77.0,77,True,10,10,0.027132491082977633
1372,76.0,86,True,13,7,0.027110627105738326
1373,-27.0,196,True,17,6,0.027088830150454622
1374,43.0,93,True,16,7,0.027067100011677052
1375,213.0,58,True,5,1,0.02704543648458594
1376,227.0,57,True,2,1,0.027023839364989446
1377,168.0,57,True,8,4,0.02700230844932168
1378,-3.0,221,True,10,7,0.02698084353464075
1379,122.0,150,True,5,4,0.026959444418626875
1380,144.0,72,True,9,4,0.026938110899580456
1381,154.0,57,True,10,3,0.026916842776420195
1382,162.0,63,True,6,5,0.02689563984868118
1383,193.0,57,True,4,4,0.026874501916513013
1384,150.0,57,True,6,7,0.02685342878067791
1385,147.0,56,True,3,10,0.026832420242548845
1386,108.0,63,True,8,9,0.026811476104107647
1387,-256.0,283,True,28,12,0.026790596167943163
1388,148.0,59,True,6,7,0.026769780237249383
1389,-63.0,165,True,28,2,0.026749028115823588
1390,161.0,61,True,8,4,0.0267283396080645
1391,199.0,61,True,4,3,0.026707714518970426
1392,208.0,57,True,2,4,0.026687152654137458
1393,135.0,57,True,8,7,0.026666653819757587
1394,132.0,71,True,8,6,0.02664621782261693
1395,138.0,70,True,11,3,0.026625844470093855
1396,18.0,93,True,20,7,0.026605533570157214
1397,131.0,69,True,6,8,0.026585284931364507
1398,137.0,57,True,8,7,0.02656509836286008
1399,83.0,75,True,12,8,0.026544973674373338
1400,-155.0,133,True,38,8,0.02652491067621693
1401,208.0,54,True,3,3,0.026504909179284976
1402,-88.0,150,True,33,2,0.026484968995051296
1403,101.0,63,True,18,2,0.0264650899355676
1404,146.0,72,True,9,3,0.02644527181346175
1405,43.0,166,True,9,7,0.02642551444193597
1406,117.0,70,True,5,10,0.0264058176347651
1407,187.0,57,True,6,3,0.02638618120629484
1408,167.0,60,True,9,2,0.026366604971439982
1409,36.0,140,True,17,2,0.026347088745682694
1410,265.0,41,True,0,0,0.026327632345070753
1411,61.0,81,True,14,8,0.02630823558621584
1412,156.0,68,True,9,3,0.02628889828629178
1413,193.0,55,True,8,1,0.026269620263032846
1414,-154.0,168,True,41,2,0.026250401334732013
1415,168.0,58,True,9,2,0.026231241320239282
1416,176.0,57,True,6,4,0.026212140038959938
1417,59.0,129,True,14,4,0.02619309731085287
1418,149.0,59,True,10,4,0.026174112956428863
1419,92.0,74,True,9,9,0.026155186796748907
1420,166.0,72,True,7,2,0.026136318653422516
1421,134.0,147,True,4,2,0.026117508348606044
1422,204.0,57,True,6,1,0.026098755705001003
1423,-71.0,186,True,19,9,0.0260800605458524
1424,181.0,57,True,6,4,0.02606142269494707
1425,64.0,94,True,17,4,0.026042841976612004
1426,159.0,70,True,9,2,0.026024318215712716
1427,183.0,57,True,6,3,0.026005851237651565
1428,-222.0,295,True,22,15,0.02598744086836613
1429,163.0,58,True,9,3,0.025969086934327555
1430,92.0,151,True,12,1,0.025950789262538933
1431,136.0,66,True,11,4,0.02593254768053365
1432,33.0,147,True,14,5,0.025914362016373784
1433,163.0,82,True,7,3,0.025896232098648456
1434,186.0,58,True,5,4,0.025878157756472238
1435,165.0,57,True,8,4,0.025860138819483548
1436,160.0,57,True,6,6,0.02584217511784301
1437,15.0,184,True,13,4,0.025824266482231895
1438,187.0,57,True,2,6,0.02580641274385049
1439,184.0,63,True,2,6,0.025788613734416523
1440,38.0,151,True,16,2,0.025770869286163584
1441,105.0,77,True,8,8,0.02575317923183953
1442,192.0,57,True,4,4,0.025735543404704908
1443,64.0,79,True,10,11,0.025717961638531402
1444,172.0,70,True,7,2,0.02570043376760024
1445,93.0,74,True,17,2,0.02568295962670065
1446,180.0,60,True,3,6,0.025665539051128304
1447,203.0,69,True,4,1,0.02564817187668375
1448,167.0,58,True,9,3,0.025630857939670883
1449,150.0,70,True,9,4,0.02561359707689538
1450,154.0,62,True,9,4,0.025596389125663192
1451,142.0,71,True,8,5,0.025579233923778984
1452,-96.0,133,True,28,9,0.02556213130954461
1453,131.0,69,True,8,6,0.0255450811217576
1454,122.0,72,True,13,3,0.025528083199709638
1455,-27.0,123,True,24,6,0.025511137383185042
1456,162.0,59,True,8,4,0.025494243512459252
1457,172.0,58,True,7,4,0.025477401428297335
1458,229.0,57,True,2,2,0.02546061097195247
1459,-67.0,138,True,29,4,0.02544387198516447
1460,181.0,57,True,4,5,0.02542718431015827
1461,126.0,72,True,13,3,0.025410547789642454
1462,59.0,167,True,8,5,0.025393962266807762
1463,104.0,72,True,17,2,0.02537742758532563
1464,38.0,193,True,12,2,0.025360943589346693
1465,97.0,72,True,13,6,0.025344510123499336
1466,-134.0,222,True,19,12,0.025328127032888212
1467,122.0,72,True,11,5,0.0253117941630928
1468,225.0,57,True,4,1,0.02529551136016593
1469,163.0,72,True,9,2,0.025279278470632358
1470,-91.0,156,True,31,4,0.025263095341487293
1471,180.0,57,True,4,5,0.02524696182019496
1472,72.0,82,True,19,3,0.02523087775468718
1473,155.0,69,True,10,2,0.025214842993361918
1474,160.0,69,True,8,3,0.025198857385081867
1475,0.0,95,True,26,4,0.02518292077917301
1476,129.0,77,True,14,1,0.02516703302542321
1477,101.0,69,True,18,2,0.025151193974080794
1478,148.0,72,True,11,2,0.025135403475853132
1479,159.0,72,True,9,2,0.02511966138190524
1480,66.0,82,True,19,4,0.025103967543858376
1481,108.0,84,True,11,4,0.025088321813788637
1482,90.0,72,True,15,5,0.025072724044225562
1483,199.0,57,True,4,3,0.025057174088150756
1484,212.0,57,True,2,3,0.02504167179899649
1485,179.0,58,True,3,6,0.02502621703064432
1486,146.0,69,True,10,3,0.02501080963742372
1487,113.0,69,True,14,4,0.02499544947411071
1488,167.0,58,True,7,4,0.024980136395926462
1489,174.0,60,True,7,3,0.024964870258535974
1490,123.0,74,True,11,4,0.02494965091804667
1491,174.0,58,True,5,5,0.024934478231007078
1492,169.0,81,True,8,1,0.024919352054405458
1493,13.0,131,True,22,2,0.024904272245668452
1494,191.0,59,True,6,2,0.024889238662659765
1495,30.0,93,True,22,4,0.02487425116367879
1496,195.0,57,True,6,2,0.024859309607459294
1497,123.0,70,True,15,1,0.024844413853168087
1498,197.0,54,True,1,6,0.02482956376040369
1499,199.0,58,True,5,2,0.024814759189195002
